,win,teamId,win rate,AFK rate
0,0.0,100.0,0.46796,0.0059736877756608065
1,1.0,200.0,0.51354,0.0049291359092950866
2,0.0,200.0,0.51058,0.005673009189024743
3,0.0,200.0,0.51818,0.005178822777096795
4,0.0,200.0,0.48538000000000003,0.0055050025638043905
5,0.0,200.0,0.50824,0.00572363704434692
6,1.0,100.0,0.49110000000000004,0.005860599903279721
7,0.0,200.0,0.50334,0.005356190264320934
8,1.0,100.0,0.5059600000000001,0.005889965609239436
9,0.0,200.0,0.49277999999999994,0.0051642750189593205
10,0.0,200.0,0.51708,0.005948301255488972
11,0.0,200.0,0.48196000000000006,0.0062506320372930635
12,0.0,100.0,0.49226000000000003,0.00473433680586037
13,1.0,200.0,0.50378,0.005212553519386623
14,0.0,100.0,0.47724,0.00596943502157221
15,1.0,200.0,0.52382,0.005104428957022655
16,0.0,200.0,0.52274,0.005638302334005271
17,0.0,200.0,0.51146,0.005664166830795477
18,0.0,200.0,0.52078,0.0055503377803836846
19,0.0,100.0,0.47300000000000003,0.006722196625749769
20,1.0,200.0,0.49524,0.005359119705353882
21,1.0,100.0,0.48927999999999994,0.0055450258989470525
22,1.0,100.0,0.48,0.006051514103508559
23,1.0,100.0,0.47273999999999994,0.005654201340213462
24,0.0,200.0,0.48278,0.0060029405391101125
25,0.0,100.0,0.49601999999999996,0.005608630355375025
26,1.0,200.0,0.49152000000000007,0.00571039389143969
27,1.0,100.0,0.48464,0.005991759631116111
28,0.0,200.0,0.49822,0.005774868725437022
29,0.0,200.0,0.5124000000000001,0.0059206463238830696
30,0.0,200.0,0.4855600000000001,0.005714330223419788
31,0.0,200.0,0.51378,0.006255087550697107
32,1.0,200.0,0.4928199999999999,0.005396679432632265
33,0.0,200.0,0.49734000000000006,0.005236104179349049
34,0.0,100.0,0.5107999999999999,0.005728705976289346
35,0.0,200.0,0.49928,0.005913226592367649
36,0.0,100.0,0.48478000000000004,0.004868545054061075
37,1.0,100.0,0.50092,0.005376459046070875
38,0.0,200.0,0.5024200000000001,0.005840077683670575
39,0.0,200.0,0.50442,0.0063291141045717075
40,1.0,100.0,0.49466,0.006366882407955454
41,0.0,200.0,0.52692,0.005180032130772221
42,1.0,100.0,0.5059400000000001,0.006364983364163782
43,1.0,200.0,0.51328,0.005960616196499019
44,0.0,100.0,0.46912000000000004,0.005869746823847642
45,1.0,200.0,0.5017,0.006363343580923326
46,1.0,200.0,0.5077999999999999,0.0066057352902136185
47,0.0,200.0,0.51042,0.0064862820297990915
48,1.0,100.0,0.5232600000000001,0.005042751324972416
49,0.0,200.0,0.49176000000000003,0.006083589635555301
50,1.0,200.0,0.48789999999999994,0.005951285351186423
51,1.0,100.0,0.51134,0.006111182263234727
52,1.0,200.0,0.50702,0.005171373492786786
53,1.0,100.0,0.48538,0.005178263994641406
54,1.0,100.0,0.4788,0.005452198470938238
55,0.0,200.0,0.50674,0.005399207572973619
56,0.0,200.0,0.51558,0.0055904468071691
57,0.0,100.0,0.5093400000000001,0.006123066682372698
58,0.0,100.0,0.47282,0.005774087627475832
59,1.0,100.0,0.46903999999999996,0.005980207153086216
60,0.0,200.0,0.51052,0.006615225583362303
61,0.0,100.0,0.47348,0.006137074199923939
62,1.0,200.0,0.50988,0.0062281291384629215
63,0.0,100.0,0.47886000000000006,0.004976738136785503
64,1.0,200.0,0.47619999999999996,0.005268786708190891
65,0.0,200.0,0.5016,0.005757134297116393
66,1.0,100.0,0.52422,0.0063607273035859195
67,1.0,200.0,0.52348,0.006463349697092316
68,0.0,100.0,0.52132,0.005815423869596286
69,0.0,200.0,0.50872,0.005656927365042025
70,1.0,200.0,0.51244,0.0054485238832536345
71,0.0,200.0,0.50118,0.00439338778878475
72,1.0,200.0,0.52084,0.006457282476752603
73,1.0,100.0,0.47450000000000003,0.0065374975832453944
74,0.0,200.0,0.49792000000000003,0.006244575908776489
75,0.0,200.0,0.5138199999999999,0.004768829905232516
76,1.0,100.0,0.49779999999999996,0.005553357050025234
77,0.0,200.0,0.50236,0.00575490000207758
78,1.0,200.0,0.5086999999999999,0.005502132901345864
79,1.0,100.0,0.48674,0.005856685672513452
80,0.0,100.0,0.46524,0.005865535049796333
81,1.0,200.0,0.48254,0.006084209624813282
82,1.0,200.0,0.50726,0.005795366514478135
83,1.0,100.0,0.49640000000000006,0.00636707141436523
84,0.0,200.0,0.48550000000000004,0.005274840494658136
85,1.0,200.0,0.49576000000000003,0.00609705347387005
86,0.0,200.0,0.51124,0.005381464998045883
87,1.0,100.0,0.5112400000000001,0.004895987587118119
88,0.0,200.0,0.5099600000000001,0.005704791666780852
89,1.0,100.0,0.5119,0.00512200103903313
90,0.0,200.0,0.49246,0.005822224816886013
91,0.0,200.0,0.47874,0.005546265397915385
92,1.0,100.0,0.5194,0.004598100482491767
93,0.0,100.0,0.50338,0.005868939229152891
94,1.0,100.0,0.48292,0.005933762065265228
95,0.0,100.0,0.49498,0.005964661726081141
96,0.0,100.0,0.49169999999999997,0.005462527360933806
97,0.0,100.0,0.46214000000000005,0.005486597145172981
98,1.0,200.0,0.5120600000000001,0.005881563174212042
99,1.0,100.0,0.49678000000000005,0.005467585515092381
100,1.0,100.0,0.49334,0.0056863209941915545
101,1.0,100.0,0.48688000000000003,0.005898307885629868
102,1.0,100.0,0.5007,0.005904865759176074
103,1.0,200.0,0.49752,0.005696628938269633
104,0.0,100.0,0.4676,0.006350474694663868
105,1.0,100.0,0.47096,0.006000545756565767
106,0.0,200.0,0.49498,0.005793859552497498
107,0.0,200.0,0.5099800000000001,0.005792268408456215
108,0.0,200.0,0.5109400000000001,0.004711911756196769
109,1.0,100.0,0.51242,0.00635920191127305
110,0.0,100.0,0.4869199999999999,0.00590023566415397
111,1.0,100.0,0.49562,0.0059745011187591806
112,0.0,200.0,0.48007999999999995,0.00611815448953677
113,0.0,100.0,0.48738000000000004,0.005941195568100244
114,1.0,200.0,0.50238,0.006082870966143068
115,0.0,100.0,0.5088,0.005128697222619362
116,1.0,200.0,0.49304,0.006083121301907077
117,0.0,100.0,0.48098,0.005797866790615805
118,1.0,200.0,0.51952,0.005486231230443753
119,0.0,100.0,0.4934799999999999,0.0059714159555219245
120,1.0,200.0,0.49959999999999993,0.004999705648698099
121,1.0,100.0,0.5073399999999999,0.005650606020683993
122,0.0,200.0,0.47966,0.004958453851460739
123,1.0,100.0,0.49837999999999993,0.005665912747404034
124,0.0,100.0,0.49967999999999996,0.0058118634978855015
125,0.0,100.0,0.47228000000000003,0.0057432711463085186
126,1.0,200.0,0.50754,0.005377991738345561
127,1.0,100.0,0.50598,0.0056147621668924935
128,0.0,200.0,0.49878,0.006010171351660862
129,0.0,100.0,0.5075399999999999,0.0052961551169929824
130,0.0,100.0,0.49824,0.005458188293756308
131,1.0,200.0,0.51154,0.005602025158168994
132,1.0,100.0,0.48602,0.0051990108684543766
133,0.0,200.0,0.49248000000000003,0.005173951166337859
134,0.0,100.0,0.49722,0.005951599349881273
135,1.0,200.0,0.50734,0.005265492655963533
136,0.0,200.0,0.4796,0.005936690729687165
137,1.0,100.0,0.50034,0.005953487529685394
138,1.0,100.0,0.49666,0.005779899597607237
139,1.0,100.0,0.49348000000000003,0.006032041400945158
140,1.0,200.0,0.5053400000000001,0.005729952200544293
141,0.0,200.0,0.50398,0.005101674220083893
142,1.0,200.0,0.5130800000000001,0.0051745752212803845
143,1.0,100.0,0.4988200000000001,0.005618968881025861
144,0.0,200.0,0.4984400000000001,0.004953078126375763
145,0.0,100.0,0.504,0.006131844717812626
146,0.0,100.0,0.50464,0.005210916105062262
147,1.0,200.0,0.5188400000000001,0.005867901904691981
148,0.0,200.0,0.50118,0.0059878813297572124
149,0.0,100.0,0.4812,0.006130791965044159
150,1.0,200.0,0.4989800000000001,0.005387003602845003
151,1.0,100.0,0.50026,0.005052553000493515
152,0.0,100.0,0.49189999999999995,0.004904694220848787
153,1.0,200.0,0.50626,0.004775847231044653
154,0.0,200.0,0.50596,0.005468253503712066
155,0.0,200.0,0.51138,0.005138221854478781
156,1.0,100.0,0.44753999999999994,0.006044311702979983
157,1.0,200.0,0.49516,0.005851742592790629
158,0.0,200.0,0.49972000000000005,0.004720616032708067
159,1.0,100.0,0.50708,0.005303055039388153
160,0.0,100.0,0.50816,0.005769638584393945
161,0.0,200.0,0.51996,0.005471878500583466
162,0.0,100.0,0.4861599999999999,0.005298208784784536
163,1.0,100.0,0.51044,0.005598546412936349
164,0.0,100.0,0.5134000000000001,0.005850543765110848
165,1.0,200.0,0.5066400000000001,0.0059309042643697855
166,0.0,200.0,0.49128,0.005428682859312784
167,0.0,100.0,0.49074,0.005080556954005412
168,1.0,200.0,0.48419999999999996,0.006495504327967007
169,0.0,200.0,0.50076,0.00721536676258167
170,0.0,100.0,0.46208,0.006000197480274147
171,0.0,100.0,0.49012,0.005487430736298241
172,0.0,100.0,0.48122,0.006326489781079918
173,1.0,200.0,0.50004,0.005566118730666507
174,1.0,100.0,0.50068,0.00547700975122676
175,0.0,200.0,0.5040600000000001,0.00531283263198234
176,0.0,100.0,0.4824400000000001,0.005362690131494037
177,1.0,200.0,0.49726,0.00518943602006675
178,1.0,100.0,0.51692,0.005508895529582503
179,0.0,100.0,0.51232,0.0056056055233190075
180,1.0,200.0,0.50942,0.0052812150627024965
181,0.0,200.0,0.52196,0.006058595445080716
182,0.0,200.0,0.51652,0.005033596411472419
183,1.0,200.0,0.51206,0.005291861972624776
184,0.0,100.0,0.46694,0.005974708400644095
185,1.0,200.0,0.48868,0.005044713381877821
186,1.0,100.0,0.49085999999999996,0.004981228215581465
187,0.0,100.0,0.5017,0.00575566390983114
188,0.0,100.0,0.48784,0.006029929143000083
189,0.0,100.0,0.49742,0.006314995814341247
190,1.0,100.0,0.47302,0.005799408514920236
191,1.0,100.0,0.47807999999999995,0.005795595653716334
192,0.0,200.0,0.5197999999999999,0.0059460893887926785
193,1.0,100.0,0.46318000000000004,0.006004614400851001
194,1.0,200.0,0.51418,0.00538090914744656
195,1.0,100.0,0.47602,0.005951617644092162
196,0.0,200.0,0.48118,0.00584337042105352
197,0.0,100.0,0.48596000000000006,0.005384903826156747
198,1.0,200.0,0.5187,0.00619366298950073
199,1.0,200.0,0.49345999999999995,0.0055623107848034705
200,0.0,200.0,0.5157999999999999,0.0053090594176245735
201,0.0,100.0,0.46926000000000007,0.006893451228710929
202,0.0,100.0,0.48238000000000003,0.006482332480665579
203,1.0,200.0,0.50512,0.005992415433638295
204,0.0,100.0,0.46820000000000006,0.005963275640341927
205,1.0,200.0,0.51064,0.004807247483572372
206,1.0,100.0,0.48798,0.005917025279725781
207,0.0,200.0,0.5013,0.005183922369969901
208,1.0,100.0,0.5142800000000001,0.0048389965902813845
209,1.0,200.0,0.51124,0.0061758397851885746
210,1.0,200.0,0.50898,0.005486255788917559
211,0.0,200.0,0.49363999999999997,0.005346752159245455
212,1.0,100.0,0.47459999999999997,0.006297063075016082
213,0.0,200.0,0.50966,0.00653909620402852
214,0.0,200.0,0.50336,0.004951076642356357
215,0.0,100.0,0.45830000000000004,0.005883761889513072
216,1.0,200.0,0.49892000000000014,0.006102972114205962
217,0.0,100.0,0.4931000000000001,0.005402890330800986
218,1.0,200.0,0.50474,0.0051427822603443835
219,0.0,100.0,0.48784,0.005434712442576194
220,1.0,200.0,0.50858,0.005968559723532405
221,1.0,100.0,0.49102000000000007,0.005483093166342096
222,1.0,100.0,0.49522000000000005,0.006035318347046953
223,0.0,200.0,0.5138199999999999,0.005622071729589821
224,0.0,200.0,0.51462,0.00541033922732268
225,1.0,200.0,0.52622,0.0053857350517494875
226,0.0,200.0,0.49895999999999996,0.0052000859913373994
227,0.0,200.0,0.51408,0.006377711821525847
228,0.0,100.0,0.5181800000000001,0.004988684316419485
229,1.0,200.0,0.50196,0.006258967162963048
230,1.0,200.0,0.47348,0.0069621810777230385
231,1.0,100.0,0.50268,0.005568710698634649
232,1.0,100.0,0.4859400000000001,0.006536943991494256
233,0.0,100.0,0.48362,0.005094118253990906
234,1.0,200.0,0.52824,0.005599255911095148
235,1.0,100.0,0.48450000000000004,0.005082506350159542
236,0.0,200.0,0.49196,0.005831934266186218
237,1.0,200.0,0.49746000000000007,0.005543123415907526
238,0.0,100.0,0.49932,0.005804967685879769
239,1.0,200.0,0.50934,0.005166073210737374
240,1.0,200.0,0.5086999999999999,0.005223745230586853
241,0.0,200.0,0.50054,0.005760392820400171
242,1.0,200.0,0.51292,0.005255007058069731
243,0.0,100.0,0.48069999999999996,0.005571663241794332
244,1.0,200.0,0.50154,0.00574532684997988
245,1.0,200.0,0.5049399999999999,0.005777614137013397
246,1.0,100.0,0.48374000000000006,0.005515781493733973
247,0.0,200.0,0.49644000000000005,0.006232513101136471
248,1.0,200.0,0.50908,0.005041733273492488
249,1.0,100.0,0.49498,0.005013344829406262
250,0.0,200.0,0.49396000000000007,0.006285618789025784
251,0.0,100.0,0.51418,0.005486552663918643
252,1.0,200.0,0.5165799999999999,0.005209531166791409
253,1.0,200.0,0.50128,0.005929187126995373
254,1.0,100.0,0.50762,0.0055981003307410794
255,0.0,200.0,0.51012,0.006064347917714662
256,0.0,100.0,0.5044000000000001,0.006258396520435004
257,0.0,200.0,0.50792,0.004706266699056797
258,1.0,100.0,0.48347999999999997,0.006060818934772256
259,0.0,200.0,0.47990000000000005,0.005746067181924694
260,0.0,100.0,0.47730000000000006,0.006217400100775883
261,1.0,200.0,0.5003,0.005551933622774287
262,0.0,100.0,0.51138,0.005249109079529372
263,1.0,200.0,0.49628000000000005,0.006129517124612076
264,0.0,100.0,0.49207999999999996,0.005038007301252723
265,1.0,200.0,0.49492,0.006156916561639356
266,0.0,100.0,0.49066,0.005473170460112494
267,0.0,200.0,0.49757999999999997,0.00515941807213878
268,0.0,100.0,0.47653999999999996,0.00590882179067158
269,1.0,100.0,0.5059600000000001,0.005281721320137184
270,0.0,200.0,0.5066200000000001,0.005963418009213066
271,1.0,100.0,0.47184,0.005324310970389633
272,0.0,200.0,0.51772,0.005791208351477036
273,0.0,100.0,0.4648,0.005966449415326166
274,1.0,100.0,0.4779,0.006026057805673763
275,0.0,200.0,0.48534,0.005862702576326811
276,1.0,200.0,0.48606,0.005766161914813342
277,1.0,100.0,0.48857999999999996,0.005796958102244692
278,0.0,200.0,0.4891400000000001,0.005429324969396819
279,0.0,100.0,0.45918000000000003,0.005723143040116592
280,1.0,200.0,0.49412,0.005633790619079769
281,0.0,200.0,0.50196,0.005939672181215478
282,0.0,200.0,0.47976,0.005769606518171573
283,0.0,100.0,0.49922000000000005,0.005828552581690173
284,1.0,200.0,0.5026200000000001,0.0054875299040583955
285,1.0,100.0,0.47947999999999996,0.005633165693910492
286,0.0,200.0,0.5197400000000001,0.0054556720341284995
287,0.0,100.0,0.49654,0.0055982832112590275
288,1.0,200.0,0.5206999999999999,0.0061441030061499795
289,1.0,100.0,0.49132,0.005589880254878994
290,1.0,100.0,0.50872,0.005215470547403362
291,0.0,200.0,0.5006,0.005419707121214786
292,0.0,100.0,0.49842000000000003,0.005721066009227942
293,1.0,100.0,0.48773999999999995,0.005621848901436415
294,0.0,200.0,0.5014000000000001,0.005991831883573338
295,1.0,100.0,0.4650600000000001,0.0052909684756571995
296,0.0,100.0,0.48766,0.006065368718641127
297,0.0,100.0,0.4969,0.004866348328482655
298,1.0,200.0,0.49176000000000003,0.005530968908650939
299,1.0,100.0,0.48963999999999996,0.005876517069981628
300,0.0,200.0,0.49004000000000003,0.00518720350421422
301,0.0,100.0,0.48552,0.005659320141098021
302,0.0,100.0,0.45586000000000004,0.006134465363543156
303,1.0,200.0,0.50348,0.005101177713541882
304,1.0,200.0,0.47874,0.005999666694175021
305,1.0,100.0,0.49666,0.006148198141609287
306,0.0,200.0,0.46991999999999995,0.0057727040707886675
307,1.0,100.0,0.48919999999999997,0.005134643819199487
308,0.0,200.0,0.50822,0.006099530396935962
309,0.0,200.0,0.50134,0.005619766374722837
310,1.0,200.0,0.48712,0.006230363983755325
311,1.0,200.0,0.51328,0.005867408664327735
312,0.0,200.0,0.50964,0.005941692517055719
313,0.0,200.0,0.52046,0.0062252985485839775
314,0.0,200.0,0.49013999999999996,0.00618965325671015
315,0.0,100.0,0.5107200000000001,0.005541851714422257
316,0.0,100.0,0.4704400000000001,0.006156457025477726
317,1.0,100.0,0.4906999999999999,0.005588848004653649
318,0.0,200.0,0.4907,0.0058698305828307745
319,1.0,100.0,0.50366,0.005544476007170224
320,0.0,200.0,0.5014000000000001,0.005619066553726441
321,0.0,100.0,0.513,0.006647078176167524
322,1.0,200.0,0.5039800000000001,0.005620844216940329
323,0.0,100.0,0.48988,0.005890053884108867
324,1.0,100.0,0.48256,0.005584691684940914
325,1.0,200.0,0.51148,0.005511504961600517
326,0.0,100.0,0.47568,0.005491963990895552
327,0.0,100.0,0.4665800000000001,0.006050177158390117
328,1.0,200.0,0.5067999999999999,0.005566768692305303
329,1.0,100.0,0.5012800000000001,0.006018974331570601
330,0.0,100.0,0.5057400000000001,0.00551980999000166
331,1.0,200.0,0.5036400000000001,0.0052677706181740785
332,0.0,100.0,0.48796,0.005723200766339962
333,1.0,200.0,0.5055,0.005610368609134425
334,1.0,100.0,0.49232,0.006021389862633798
335,0.0,100.0,0.4918600000000001,0.005517255814730283
336,0.0,200.0,0.49460000000000004,0.005617392407789862
337,1.0,100.0,0.49918000000000007,0.005345587999196766
338,1.0,100.0,0.46610000000000007,0.006401578151693411
339,0.0,200.0,0.49278000000000005,0.005995350919696912
340,0.0,200.0,0.4962000000000001,0.005426365559237085
341,1.0,100.0,0.50486,0.0052683548760512145
342,0.0,200.0,0.49612,0.005887054387817706
343,1.0,100.0,0.49146,0.005686819089539158
344,1.0,100.0,0.52248,0.006742855572984094
345,0.0,200.0,0.5443,0.0056616209296592584
346,1.0,200.0,0.51098,0.00502127496701837
347,1.0,100.0,0.48658,0.0061714463539150445
348,1.0,200.0,0.51104,0.006353586896170498
349,1.0,100.0,0.47203999999999996,0.0058922564173688975
350,0.0,100.0,0.48992,0.006975499929309922
351,1.0,200.0,0.5137,0.005837630487248163
352,0.0,100.0,0.48846,0.005629560438744513
353,1.0,100.0,0.48823999999999995,0.005715014693544307
354,0.0,200.0,0.5123399999999999,0.005996507578221771
355,0.0,100.0,0.47874,0.005641573173101799
356,1.0,200.0,0.50964,0.005660684203686239
357,0.0,100.0,0.47262000000000004,0.005714403579773557
358,1.0,200.0,0.50816,0.006614136858241755
359,0.0,100.0,0.46412,0.007029497899718594
360,1.0,100.0,0.46491999999999994,0.006324278107755181
361,1.0,200.0,0.5060399999999999,0.005745348676261756
362,1.0,100.0,0.45846,0.005835239045745709
363,0.0,200.0,0.48675999999999997,0.006744056456314945
364,1.0,100.0,0.46588,0.005879518477194037
365,0.0,100.0,0.49202,0.00534418121557315
366,1.0,200.0,0.5067999999999999,0.0051813477522842846
367,1.0,200.0,0.5230400000000001,0.005932215003488455
368,0.0,100.0,0.48186,0.0059872728990620384
369,1.0,200.0,0.5019600000000001,0.005406257642658915
370,0.0,100.0,0.47059999999999996,0.005854125718196051
371,0.0,200.0,0.50958,0.005449022536310698
372,0.0,100.0,0.49047999999999997,0.006103105705228944
373,0.0,200.0,0.51312,0.005411483053973147
374,0.0,200.0,0.49833999999999995,0.005162160952673774
375,0.0,100.0,0.48005999999999993,0.006144879554171587
376,0.0,100.0,0.51452,0.006154147105765206
377,1.0,100.0,0.47309999999999997,0.005465293878841561
378,0.0,200.0,0.50124,0.005451546645931532
379,1.0,200.0,0.49640000000000006,0.005537190090923671
380,1.0,200.0,0.51088,0.005803727207973432
381,1.0,100.0,0.49566,0.0059647268992088194
382,0.0,200.0,0.5316,0.005161893271909613
383,1.0,100.0,0.49094,0.005321783771176184
384,0.0,100.0,0.5025600000000001,0.005147788337406377
385,1.0,200.0,0.4899,0.0057339470915642446
386,1.0,200.0,0.50076,0.005445297672895883
387,1.0,100.0,0.50184,0.005181736786791215
388,1.0,200.0,0.5069999999999999,0.006251611890383135
389,0.0,100.0,0.49232000000000004,0.004887730627147628
390,1.0,200.0,0.47854,0.005797811310458699
391,0.0,100.0,0.48369999999999996,0.0058145993527416034
392,1.0,200.0,0.46423999999999993,0.005353263740470804
393,1.0,100.0,0.5006600000000001,0.006110625206432577
394,1.0,100.0,0.4763800000000001,0.006424108415393519
395,1.0,200.0,0.50932,0.006014108182996483
396,1.0,100.0,0.46948000000000006,0.00587966121410387
397,1.0,200.0,0.5094799999999999,0.006149531244291934
398,1.0,100.0,0.4915,0.005807865167168791
399,0.0,200.0,0.51502,0.005714805688400619
400,1.0,100.0,0.50462,0.004944948112336814
401,0.0,200.0,0.5073000000000001,0.006035028005629634
402,0.0,200.0,0.49132,0.005487258747042501
403,1.0,100.0,0.47657999999999995,0.005412170499714012
404,1.0,200.0,0.50392,0.005190006690159591
405,1.0,100.0,0.47426,0.0060057664324427735
406,0.0,100.0,0.4901,0.005724146726192747
407,0.0,200.0,0.48544,0.005918850056378722
408,0.0,100.0,0.46674,0.006084632680095584
409,1.0,200.0,0.5099199999999999,0.006036968489298094
410,0.0,100.0,0.51312,0.005215151926948797
411,1.0,200.0,0.49898,0.005631175893189963
412,1.0,100.0,0.49366000000000004,0.005450073459475158
413,1.0,100.0,0.48926,0.005836025776900347
414,0.0,100.0,0.48464,0.006516036812439124
415,0.0,200.0,0.50146,0.005306622437782911
416,0.0,200.0,0.4835999999999999,0.005456178562207327
417,1.0,200.0,0.5031399999999999,0.00535034015067391
418,1.0,100.0,0.50056,0.004977747279897124
419,1.0,100.0,0.45292000000000004,0.006257484891444063
420,0.0,200.0,0.49510000000000004,0.0058199730474018775
421,0.0,200.0,0.48040000000000005,0.006595069883426778
422,1.0,100.0,0.4931,0.005568720415999715
423,0.0,200.0,0.5205,0.005303553098560216
424,0.0,100.0,0.4911199999999999,0.006119646533957527
425,0.0,100.0,0.46480000000000005,0.006119547537485119
426,1.0,200.0,0.5048199999999999,0.006773149870076797
427,0.0,100.0,0.44871999999999995,0.005827549917553204
428,1.0,200.0,0.49598000000000003,0.005143756598925986
429,1.0,200.0,0.50668,0.005338412048811712
430,1.0,100.0,0.4707,0.005486974236963864
431,0.0,100.0,0.4976999999999999,0.005478377536778208
432,0.0,100.0,0.49934,0.006180352377420023
433,0.0,200.0,0.50354,0.005828185873453596
434,1.0,100.0,0.50202,0.006163925605500135
435,0.0,200.0,0.49638,0.005485658771016597
436,1.0,100.0,0.49800000000000005,0.005438873906453734
437,0.0,100.0,0.4949,0.005495594385284433
438,1.0,100.0,0.49686,0.005796165049953341
439,0.0,200.0,0.52386,0.006708999765288529
440,1.0,200.0,0.4828,0.0047565117569753615
441,0.0,100.0,0.48776,0.005102469261027266
442,0.0,100.0,0.48247999999999996,0.005429384879472201
443,0.0,100.0,0.49234,0.006230284907664115
444,0.0,100.0,0.47702,0.006487881971866931
445,1.0,100.0,0.46880000000000005,0.006213638475974631
446,1.0,200.0,0.52014,0.005067509107872933
447,0.0,100.0,0.49239999999999995,0.005374580213669308
448,1.0,200.0,0.52342,0.005802487331121075
449,1.0,200.0,0.5078400000000001,0.0059733228688590035
450,1.0,200.0,0.48606,0.006216988194806457
451,0.0,100.0,0.49432,0.005219103220178238
452,0.0,100.0,0.49437999999999993,0.00531313434143975
453,1.0,200.0,0.51318,0.005978108317591429
454,1.0,100.0,0.49422,0.0054151732324591055
455,1.0,100.0,0.5137600000000001,0.005780666296974735
456,0.0,100.0,0.49261999999999995,0.005193940161111194
457,0.0,100.0,0.50024,0.005158705719169186
458,0.0,100.0,0.50132,0.005869438335093608
459,0.0,200.0,0.49562000000000006,0.0062714030459202885
460,0.0,100.0,0.49488000000000004,0.005665489096602213
461,1.0,200.0,0.5179,0.006562686488349271
462,0.0,200.0,0.49559999999999993,0.005862865090044064
463,1.0,200.0,0.49524,0.005625451673275194
464,1.0,100.0,0.5038199999999999,0.0054018511987003
465,1.0,100.0,0.46690000000000004,0.0062276846979671474
466,0.0,200.0,0.5065799999999999,0.006074539751907047
467,1.0,100.0,0.49524,0.0060382311007501615
468,1.0,100.0,0.47934,0.0053286079200615035
469,1.0,200.0,0.50092,0.005713829908866956
470,1.0,100.0,0.47862,0.005930444999712367
471,0.0,100.0,0.47544000000000003,0.005752453531276836
472,1.0,100.0,0.49314,0.005056849001028273
473,0.0,200.0,0.51706,0.0051357669476343685
474,1.0,100.0,0.499,0.005649081193508964
475,1.0,100.0,0.50094,0.006261382039626945
476,1.0,200.0,0.5148400000000001,0.005103617297291122
477,0.0,200.0,0.49922000000000005,0.00566691245811729
478,1.0,100.0,0.5118400000000001,0.0052505175901562395
479,1.0,100.0,0.50652,0.005711019308504605
480,1.0,100.0,0.4939,0.005727870623245597
481,0.0,200.0,0.5003400000000001,0.005366989178555321
482,0.0,100.0,0.5120600000000001,0.005424805119109077
483,1.0,200.0,0.50874,0.006027310437579227
484,1.0,200.0,0.4952,0.005808064923985985
485,1.0,200.0,0.48754,0.006017265355307079
486,1.0,100.0,0.49144000000000004,0.005494799674019546
487,0.0,200.0,0.4954199999999999,0.005629607007695857
488,1.0,100.0,0.46997999999999995,0.00601153100427047
489,0.0,100.0,0.4820399999999999,0.005867666524966883
490,1.0,200.0,0.52652,0.005557116306155387
491,0.0,200.0,0.51714,0.00481372976348747
492,1.0,100.0,0.5101,0.006653000571146581
493,0.0,100.0,0.5062,0.00538853668931413
494,0.0,200.0,0.5012599999999999,0.0054829537056751065
495,0.0,100.0,0.47350000000000003,0.005860726747818158
496,0.0,100.0,0.48275999999999997,0.005430791285086426
497,1.0,200.0,0.4980399999999999,0.005948839959514245
498,1.0,200.0,0.5250199999999999,0.005141875053021007
499,0.0,200.0,0.5086999999999999,0.0058796124505976054
500,1.0,100.0,0.4769,0.006070528262631123
501,0.0,200.0,0.53388,0.005375120262646964
502,1.0,100.0,0.45786,0.005928423722768026
503,1.0,100.0,0.5071,0.005826864331174321
504,0.0,100.0,0.47825999999999996,0.005883781724374015
505,1.0,200.0,0.49826000000000004,0.0053312249754541565
506,0.0,200.0,0.5081800000000001,0.005818929550290656
507,0.0,200.0,0.5073000000000001,0.005431758873146495
508,1.0,100.0,0.50738,0.005282689460102144
509,0.0,200.0,0.52212,0.0054997417748143245
510,1.0,100.0,0.49260000000000004,0.005771973975613108
511,0.0,100.0,0.50114,0.006802008431172897
512,1.0,200.0,0.51308,0.005858616699203905
513,0.0,100.0,0.5168,0.005409531264412693
514,1.0,200.0,0.51684,0.005082246410430591
515,1.0,100.0,0.51976,0.006020076931327595
516,0.0,200.0,0.5294800000000001,0.005719534260259719
517,1.0,100.0,0.4989,0.005928233363404322
518,0.0,200.0,0.52584,0.005937261646289739
519,0.0,200.0,0.5060600000000001,0.005875820363409723
520,1.0,100.0,0.49114,0.005879520508820038
521,0.0,100.0,0.49400000000000005,0.004833597257904094
522,1.0,200.0,0.50222,0.004865995556934017
523,0.0,100.0,0.47586000000000006,0.005500136154732692
524,1.0,100.0,0.49266,0.005219708850951863
525,0.0,200.0,0.52172,0.005519316190995533
526,1.0,100.0,0.5199800000000001,0.005225943946234461
527,0.0,200.0,0.4926400000000001,0.006150353341524151
528,0.0,100.0,0.46964000000000006,0.00601116172493482
529,0.0,200.0,0.51924,0.005748449402807518
530,0.0,100.0,0.47178000000000003,0.005595845668990458
531,1.0,100.0,0.51156,0.005238219341647607
532,1.0,200.0,0.50156,0.005992730225234364
533,0.0,100.0,0.49306,0.005916963670058833
534,0.0,200.0,0.50638,0.005583446896681681
535,1.0,200.0,0.49749999999999994,0.006009978731507813
536,0.0,100.0,0.49166,0.0058192296914310465
537,0.0,200.0,0.49934,0.0061208128622930996
538,1.0,100.0,0.47558000000000006,0.0061920081735664856
539,1.0,100.0,0.4649,0.006091329645352897
540,1.0,100.0,0.48764,0.005509772749903848
541,1.0,200.0,0.51022,0.005225044790752332
542,0.0,200.0,0.49838000000000005,0.005576878012882369
543,1.0,200.0,0.49554,0.005223009145844743
544,0.0,100.0,0.48192,0.005363035934125936
545,0.0,200.0,0.4923,0.0056481500480500876
546,1.0,100.0,0.49426,0.006017988884136085
547,0.0,100.0,0.49514,0.005534949519606801
548,1.0,200.0,0.49066,0.005467015051428517
549,1.0,200.0,0.504,0.006914229877844813
550,0.0,200.0,0.50332,0.005468605351918443
551,1.0,200.0,0.49363999999999997,0.006125473025535321
552,1.0,200.0,0.5003,0.006171706922217055
553,1.0,200.0,0.51368,0.006416990356660919
554,0.0,100.0,0.45288000000000006,0.005488589032727195
555,1.0,200.0,0.52336,0.006669819687845674
556,0.0,100.0,0.46640000000000004,0.00594807226526846
557,1.0,200.0,0.52012,0.006022873410034076
558,0.0,100.0,0.48258,0.006044625377978686
559,1.0,200.0,0.49478,0.0051260781330522455
560,1.0,200.0,0.5225799999999999,0.005259107543147327
561,0.0,200.0,0.5224399999999999,0.006801979668358549
562,1.0,200.0,0.5092,0.006248020690814461
563,1.0,100.0,0.4955799999999999,0.005391965685613298
564,0.0,200.0,0.5045799999999999,0.0065607211273484446
565,1.0,100.0,0.49715999999999994,0.006707135424598646
566,1.0,200.0,0.5022800000000001,0.00574868432769079
567,1.0,200.0,0.49474,0.004936351520240918
568,1.0,100.0,0.49664,0.005017305218738771
569,1.0,200.0,0.5069199999999999,0.00543551740369499
570,0.0,100.0,0.4828,0.006248142928780278
571,1.0,100.0,0.4755,0.0069338845888518436
572,0.0,200.0,0.517,0.006963418455719042
573,1.0,100.0,0.49928,0.005472700051922524
574,0.0,200.0,0.5049399999999999,0.005185232432854235
575,1.0,200.0,0.50304,0.00545998927989598
576,1.0,200.0,0.50098,0.00572555323213606
577,1.0,100.0,0.5004000000000001,0.005654526819723341
578,1.0,100.0,0.49562,0.005244116376058676
579,1.0,200.0,0.49479999999999996,0.006405646503086513
580,1.0,100.0,0.5025200000000001,0.005464075641457162
581,1.0,100.0,0.47438,0.00532883541333481
582,0.0,200.0,0.5113800000000001,0.005890730036133138
583,0.0,200.0,0.51106,0.005192862968307103
584,0.0,100.0,0.46616,0.006018922124469715
585,1.0,200.0,0.50868,0.00566350345238263
586,1.0,200.0,0.49286,0.005864631828099343
587,1.0,100.0,0.52614,0.005162666780416156
588,0.0,200.0,0.5050600000000001,0.005223664323148718
589,1.0,100.0,0.5115399999999999,0.005389234763332799
590,0.0,200.0,0.48836,0.005867279959644771
591,0.0,100.0,0.46794,0.005150652418215838
592,0.0,100.0,0.5065000000000001,0.004855813642398502
593,1.0,100.0,0.47334,0.006283095426201058
594,0.0,200.0,0.50532,0.005429518874694953
595,0.0,200.0,0.5166999999999999,0.005597739156081538
596,1.0,100.0,0.51624,0.006379286182251751
597,1.0,200.0,0.5142,0.005550660324987055
598,0.0,200.0,0.5072800000000001,0.006251322800979184
599,0.0,100.0,0.5130399999999999,0.004888405625501675
600,1.0,200.0,0.48891999999999997,0.005397470942032521
601,0.0,200.0,0.5014000000000001,0.005718440982153445
602,1.0,200.0,0.51264,0.005855506032897395
603,0.0,100.0,0.46891999999999995,0.005959789341837743
604,0.0,100.0,0.50864,0.00642868876381802
605,0.0,200.0,0.48604,0.005810273512161375
606,1.0,200.0,0.50194,0.006119132986740251
607,1.0,100.0,0.5184,0.0053661069045262706
608,1.0,100.0,0.49380000000000007,0.006237330586766773
609,1.0,100.0,0.49846,0.005134226368966698
610,1.0,100.0,0.49738,0.005112573493221827
611,0.0,100.0,0.5058799999999999,0.007068272942868585
612,1.0,200.0,0.49958,0.005700348083782126
613,1.0,100.0,0.49892000000000003,0.005607839463055331
614,1.0,100.0,0.49006,0.005790369916558611
615,1.0,100.0,0.507,0.006232383291554944
616,0.0,100.0,0.49704,0.006288193945537997
617,0.0,100.0,0.47520000000000007,0.005815818049683359
618,1.0,200.0,0.527,0.005452072475614649
619,0.0,200.0,0.51478,0.006620725120525202
620,0.0,200.0,0.5294800000000001,0.0058208752390806655
621,0.0,100.0,0.5031800000000001,0.005084175066019103
622,0.0,200.0,0.5020800000000001,0.0056904418638048255
623,1.0,100.0,0.48475999999999997,0.0053143930598250995
624,1.0,200.0,0.5060800000000001,0.005464578625183343
625,0.0,100.0,0.4925999999999999,0.005730133583854406
626,0.0,200.0,0.49472000000000005,0.006092084103999427
627,1.0,100.0,0.47817999999999994,0.005440998582969655
628,1.0,100.0,0.48102,0.005724132972480621
629,1.0,200.0,0.5219600000000001,0.005867151869495335
630,1.0,200.0,0.52608,0.00594123954856682
631,1.0,100.0,0.50926,0.00599154456282958
632,0.0,200.0,0.5071,0.00603243410827949
633,0.0,200.0,0.51268,0.00561241180355237
634,0.0,100.0,0.48348,0.005376135055795077
635,0.0,100.0,0.4747399999999999,0.005372031155324861
636,1.0,200.0,0.52838,0.006063570718329072
637,0.0,100.0,0.4734,0.0056921694511091496
638,1.0,100.0,0.48064,0.006410753232197963
639,0.0,200.0,0.50618,0.006562276485273802
640,0.0,200.0,0.48768,0.006183656405029467
641,0.0,100.0,0.49935999999999997,0.005613001488317466
642,0.0,100.0,0.49533999999999995,0.006232235814281702
643,1.0,200.0,0.52988,0.005385599527730647
644,1.0,100.0,0.5115799999999999,0.005370604805135408
645,0.0,100.0,0.47828,0.006916017684520893
646,1.0,200.0,0.51786,0.005452692122341556
647,0.0,100.0,0.50038,0.005304914568053707
648,0.0,200.0,0.51058,0.005446718236881964
649,1.0,100.0,0.51402,0.005123259855093225
650,1.0,100.0,0.47329999999999994,0.005485279061920316
651,0.0,100.0,0.48634000000000005,0.006133632122457343
652,0.0,100.0,0.51468,0.005200596029544249
653,0.0,200.0,0.50084,0.006326326569374099
654,1.0,200.0,0.5084000000000001,0.004796293148668229
655,0.0,200.0,0.49676,0.006047235602939312
656,0.0,100.0,0.49382000000000004,0.005487229848703674
657,1.0,200.0,0.5006,0.006501397616207548
658,1.0,100.0,0.48641999999999996,0.006163413934003546
659,0.0,100.0,0.48628,0.005763319715276352
660,1.0,100.0,0.48039999999999994,0.005105318572600237
661,0.0,200.0,0.5008800000000001,0.005562849317739239
662,1.0,200.0,0.51596,0.005679979907201177
663,0.0,200.0,0.5213,0.005742952651050822
664,0.0,200.0,0.51026,0.005983619853266576
665,0.0,200.0,0.51486,0.005561336269537087
666,1.0,100.0,0.48938,0.005891511977971012
667,1.0,200.0,0.507,0.005330405335222244
668,0.0,200.0,0.5032400000000001,0.005700922116359144
669,0.0,200.0,0.5088600000000001,0.005367154172361022
670,1.0,200.0,0.51936,0.004654398893632227
671,1.0,100.0,0.48455999999999994,0.006193167985333237
672,1.0,100.0,0.49867999999999996,0.00615915559622675
673,0.0,100.0,0.47189999999999993,0.0055472569459144696
674,1.0,200.0,0.49914000000000003,0.006093964977904268
675,1.0,200.0,0.49832,0.005949138345818976
676,1.0,100.0,0.48027999999999993,0.005429021902233921
677,1.0,100.0,0.47708000000000006,0.005482282636087721
678,0.0,200.0,0.5205200000000001,0.0050163389265057865
679,1.0,100.0,0.4518,0.005826569052401273
680,0.0,200.0,0.51236,0.005780015403261699
681,1.0,100.0,0.5080199999999999,0.006042666488135913
682,0.0,100.0,0.46842000000000006,0.006949447248271734
683,1.0,100.0,0.4554600000000001,0.005336674617639911
684,0.0,200.0,0.5038199999999999,0.006560248355464797
685,1.0,200.0,0.5155000000000001,0.006331851279130657
686,1.0,100.0,0.47982,0.004893795295504657
687,0.0,200.0,0.50582,0.005541623426963143
688,1.0,100.0,0.502,0.005818102324340613
689,0.0,200.0,0.51832,0.006116786354649277
690,1.0,200.0,0.50812,0.0057435783812982266
691,0.0,100.0,0.4763,0.006019376804377837
692,1.0,100.0,0.5039800000000001,0.006223594066330776
693,0.0,100.0,0.48512000000000005,0.006384878324492724
694,1.0,100.0,0.48894000000000004,0.00592702082147134
695,1.0,100.0,0.5154799999999999,0.005603903227251799
696,1.0,200.0,0.49508,0.0061488386397322336
697,1.0,200.0,0.49318,0.005810618885666119
698,1.0,200.0,0.51544,0.0054582778142711315
699,0.0,100.0,0.51842,0.006225328725002923
700,1.0,200.0,0.4997,0.005310493422550709
701,1.0,200.0,0.48612,0.0061792817702144
702,1.0,100.0,0.49724,0.006794312435034598
703,0.0,200.0,0.51522,0.004750979988713569
704,1.0,100.0,0.48613999999999996,0.005466930091206602
705,0.0,100.0,0.49496,0.005075382565885229
706,1.0,200.0,0.51936,0.00572918418788586
707,0.0,100.0,0.48128000000000004,0.005675245453456596
708,1.0,200.0,0.50642,0.005194818414960879
709,0.0,100.0,0.49627999999999994,0.005495791890675826
710,0.0,100.0,0.50438,0.0053611215892740765
711,0.0,200.0,0.5186,0.00547735206304311
712,1.0,200.0,0.5334800000000001,0.005387079148562731
713,1.0,200.0,0.51342,0.005760488781657465
714,1.0,100.0,0.46876000000000007,0.005181251637979879
715,1.0,100.0,0.5045,0.0065547442589675275
716,1.0,100.0,0.50378,0.005937840587825335
717,1.0,100.0,0.5102800000000001,0.0053614140408249295
718,1.0,200.0,0.50132,0.0059250663821267075
719,1.0,100.0,0.46834,0.005214419618067548
720,1.0,200.0,0.50642,0.005427848861817364
721,0.0,200.0,0.49556000000000006,0.005805769452579007
722,0.0,100.0,0.46191999999999994,0.004833263862656577
723,1.0,200.0,0.51112,0.005694985406977573
724,1.0,200.0,0.5261000000000001,0.005890430371186628
725,1.0,100.0,0.50454,0.004477396082917329
726,0.0,200.0,0.5038,0.005625764610521668
727,0.0,200.0,0.49744,0.005937614109192743
728,0.0,200.0,0.5146400000000001,0.006025843626801223
729,1.0,200.0,0.49182,0.00508122370762387
730,0.0,200.0,0.49763999999999997,0.005816942466551272
731,0.0,100.0,0.47797999999999996,0.007031948678194125
732,1.0,200.0,0.51388,0.004917145297295212
733,1.0,200.0,0.53574,0.006312964201770249
734,0.0,200.0,0.51388,0.005584407286670819
735,1.0,100.0,0.46037999999999996,0.006097830279101282
736,1.0,200.0,0.5078199999999999,0.005997221939319048
737,1.0,100.0,0.496,0.005519899565606007
738,0.0,100.0,0.4732,0.005946420326244336
739,0.0,100.0,0.46094,0.00608922205885466
740,1.0,100.0,0.48997999999999997,0.005537227361058489
741,0.0,100.0,0.47186000000000006,0.006202232213577802
742,0.0,100.0,0.4801,0.005476746792293448
743,1.0,200.0,0.5144,0.005113600644365382
744,1.0,200.0,0.51608,0.005424472994003523
745,1.0,200.0,0.50232,0.005556702131055639
746,1.0,200.0,0.50278,0.00593212390988553
747,0.0,100.0,0.49879999999999997,0.0061093570371154714
748,0.0,100.0,0.49610000000000004,0.0057902985202120645
749,1.0,200.0,0.5028400000000001,0.005419243263696748
750,0.0,100.0,0.49510000000000004,0.005498605372701869
751,1.0,200.0,0.4984,0.00605848017006486
752,1.0,100.0,0.49294000000000004,0.006046160011676218
753,1.0,100.0,0.48450000000000004,0.005708071183284438
754,0.0,200.0,0.5227,0.006419965603749367
755,1.0,100.0,0.47894000000000003,0.0059895160874876814
756,0.0,200.0,0.51192,0.005766061672247002
757,1.0,100.0,0.50158,0.004810281370319182
758,1.0,100.0,0.48818,0.00572555323213606
759,0.0,200.0,0.50188,0.005629576476232047
760,0.0,100.0,0.49535999999999997,0.005635592801356585
761,0.0,100.0,0.48778,0.005289680226431311
762,0.0,200.0,0.49910000000000004,0.00619884815525381
763,1.0,100.0,0.49754,0.00513154695138191
764,1.0,200.0,0.5065600000000001,0.006003229532191229
765,1.0,100.0,0.47452000000000005,0.005829248128082649
766,0.0,200.0,0.52272,0.0049754826375394525
767,1.0,100.0,0.48568,0.005474811014835831
768,0.0,100.0,0.47156000000000003,0.005645590893411779
769,1.0,200.0,0.52598,0.004840975211374247
770,0.0,100.0,0.50356,0.005253224875071711
771,1.0,100.0,0.50146,0.005511318762908684
772,0.0,200.0,0.5047200000000001,0.005944812339137186
773,1.0,200.0,0.5014200000000001,0.0053401506522982685
774,0.0,100.0,0.5100200000000001,0.004701714198945904
775,0.0,200.0,0.49295999999999995,0.0060564836908191255
776,1.0,100.0,0.5035000000000001,0.005752807717560011
777,1.0,100.0,0.49554,0.005104695900212448
778,0.0,200.0,0.49542,0.005110695367621318
779,1.0,100.0,0.5019,0.005708045700424535
780,0.0,200.0,0.5006599999999999,0.005440482270081185
781,1.0,100.0,0.49026,0.005510280556515026
782,0.0,200.0,0.51784,0.005482798585545238
783,1.0,100.0,0.49134,0.005728464757989023
784,0.0,200.0,0.5038,0.004929034631417873
785,0.0,100.0,0.51032,0.004875711814055712
786,1.0,100.0,0.50108,0.005379857568388481
787,1.0,100.0,0.50236,0.00525216746277811
788,0.0,100.0,0.48522,0.005474036779339291
789,1.0,200.0,0.50064,0.005030515516903683
790,1.0,200.0,0.4868,0.00571067263959865
791,1.0,100.0,0.47872000000000003,0.005270030189078501
792,0.0,200.0,0.48728,0.005382455774538224
793,1.0,100.0,0.49046,0.005696110962509322
794,0.0,200.0,0.49382000000000004,0.0055602898794503575
795,0.0,100.0,0.50298,0.004817428722192698
796,1.0,100.0,0.46966,0.005737950703465014
797,0.0,200.0,0.53002,0.005686240006346524
798,0.0,100.0,0.49169999999999997,0.006441607411434692
799,1.0,200.0,0.5165400000000001,0.005722528647942235
800,0.0,100.0,0.49092,0.006574516863152367
801,1.0,200.0,0.5142599999999999,0.005145191967218719
802,0.0,100.0,0.52934,0.0055382123689324755
803,1.0,200.0,0.46699999999999997,0.006531220891816384
804,1.0,100.0,0.5087999999999999,0.005328838283681489
805,0.0,100.0,0.48548,0.006023916715118166
806,0.0,200.0,0.4976,0.005789814615516935
807,1.0,100.0,0.50334,0.005537205079277736
808,0.0,200.0,0.50276,0.005646599755028214
809,1.0,200.0,0.49917999999999996,0.006351241427872199
810,0.0,200.0,0.50484,0.005801778336832185
811,0.0,100.0,0.50288,0.005810602724586737
812,1.0,200.0,0.5155000000000001,0.004987570334699325
813,1.0,100.0,0.5199799999999999,0.005606235574446196
814,1.0,100.0,0.51166,0.005519555070046976
815,0.0,200.0,0.5055,0.0053402358867148
816,1.0,200.0,0.52422,0.005551744875467876
817,1.0,100.0,0.48705999999999994,0.0064205055527361676
818,1.0,100.0,0.51456,0.0053861380751378815
819,0.0,200.0,0.50456,0.005871484272256032
820,0.0,100.0,0.5046,0.00595748910759083
821,0.0,100.0,0.48,0.006085332842284637
822,1.0,200.0,0.5188,0.005853136634718915
823,0.0,100.0,0.5276,0.005629800505784608
824,1.0,200.0,0.49842000000000003,0.005669408583981625
825,0.0,100.0,0.4850999999999999,0.0065151492966586885
826,1.0,200.0,0.5064,0.004995229862333814
827,0.0,200.0,0.5095,0.005742346901983656
828,0.0,200.0,0.51614,0.005521403949918086
829,1.0,100.0,0.5197,0.005721728850073346
830,0.0,100.0,0.4894,0.005421374643049298
831,1.0,200.0,0.50444,0.005251025748030938
832,0.0,100.0,0.44806,0.005488620069619069
833,1.0,200.0,0.5103200000000001,0.004990150729081304
834,0.0,200.0,0.50572,0.006387141366141452
835,0.0,100.0,0.50648,0.00526461687301683
836,1.0,100.0,0.48822,0.005393611415288759
837,0.0,200.0,0.52246,0.005202659577989003
838,1.0,200.0,0.5014000000000001,0.005714105714897445
839,1.0,100.0,0.52428,0.005577002304097296
840,0.0,100.0,0.47497999999999996,0.0057869476082052645
841,1.0,100.0,0.48116000000000003,0.006045894214727479
842,0.0,200.0,0.49539999999999995,0.006268435684719531
843,0.0,100.0,0.45737999999999995,0.006771852425815973
844,1.0,200.0,0.5085,0.006075327096290552
845,0.0,100.0,0.51822,0.005278843049951618
846,0.0,100.0,0.5179199999999999,0.005262942660468057
847,1.0,200.0,0.5095400000000001,0.00538371790404248
848,0.0,100.0,0.4941000000000001,0.005577756981045094
849,1.0,100.0,0.4788200000000001,0.0059454145323473
850,0.0,200.0,0.51486,0.005044629614970689
851,0.0,100.0,0.48324,0.005159662399600126
852,1.0,200.0,0.5095,0.005698077366649384
853,1.0,200.0,0.52152,0.0059588496384286775
854,0.0,200.0,0.5100399999999999,0.005856212919465765
855,0.0,100.0,0.5063200000000001,0.004972867210630844
856,0.0,100.0,0.5103,0.005964753716277633
857,1.0,100.0,0.49933999999999995,0.005322427480799095
858,0.0,200.0,0.49698000000000003,0.005039467617446834
859,0.0,100.0,0.47002000000000005,0.005360283031444177
860,1.0,200.0,0.48562000000000005,0.006013593247233943
861,1.0,200.0,0.49476000000000003,0.005210704772424736
862,0.0,100.0,0.52028,0.006046478580786198
863,1.0,100.0,0.49124,0.00586046059894566
864,0.0,200.0,0.5025600000000001,0.006284393647261413
865,1.0,100.0,0.47968,0.006489737603720706
866,0.0,200.0,0.49827999999999995,0.006047526335121063
867,0.0,100.0,0.5077,0.005707492596294477
868,1.0,200.0,0.48326,0.005946914808300794
869,0.0,100.0,0.48281999999999997,0.005954008025842625
870,1.0,100.0,0.48840000000000006,0.006171791533944732
871,0.0,200.0,0.492,0.0056396980602545785
872,1.0,200.0,0.53234,0.005780082310983881
873,0.0,100.0,0.48398,0.0061599845527523425
874,1.0,200.0,0.50096,0.005939809014044563
875,0.0,100.0,0.46734,0.00644492267634863
876,1.0,200.0,0.47619999999999996,0.006598168599338192
877,1.0,100.0,0.47514,0.005770339068666587
878,1.0,200.0,0.49076000000000003,0.005725063817445553
879,1.0,100.0,0.49028,0.006495225175023556
880,0.0,200.0,0.49572000000000005,0.00595476268191458
881,1.0,100.0,0.50128,0.005301831942586785
882,0.0,200.0,0.48856,0.006727718821131294
883,1.0,200.0,0.48968,0.006498946300029854
884,0.0,200.0,0.49142,0.006445183985474587
885,1.0,100.0,0.46384,0.005748856587902849
886,1.0,200.0,0.50326,0.005866479438135333
887,0.0,200.0,0.51308,0.0061341230252818235
888,1.0,100.0,0.43740000000000007,0.006164459531867312
889,0.0,100.0,0.48274000000000006,0.006115420230353103
890,0.0,200.0,0.4992599999999999,0.00581779008744252
891,1.0,200.0,0.4886799999999999,0.006036829826706662
892,1.0,200.0,0.48312,0.0055257015793241425
893,0.0,200.0,0.49948,0.005344376787108362
894,1.0,200.0,0.51156,0.005244382998186414
895,0.0,100.0,0.46458000000000005,0.005742016663488139
896,1.0,200.0,0.4924200000000001,0.00563296507440583
897,0.0,100.0,0.5111399999999999,0.0051550505339265865
898,1.0,200.0,0.48972,0.006071487957869619
899,1.0,200.0,0.49939999999999996,0.005795285176387587
900,0.0,200.0,0.51064,0.005054406203942452
901,1.0,100.0,0.47026,0.005942528885849066
902,1.0,200.0,0.49438000000000004,0.005809692272540989
903,1.0,200.0,0.48710000000000003,0.005848383886723353
904,1.0,200.0,0.49756,0.006110978563184112
905,0.0,200.0,0.52144,0.005520191725942548
906,1.0,200.0,0.5085200000000001,0.005944060096266674
907,0.0,100.0,0.48022,0.005266207798456238
908,0.0,100.0,0.50214,0.006317861819804631
909,1.0,200.0,0.51078,0.004903821733351321
910,0.0,100.0,0.5119999999999999,0.0056401200562898055
911,0.0,100.0,0.47847999999999996,0.00514724007685194
912,1.0,200.0,0.4817600000000001,0.00604402892469672
913,0.0,100.0,0.46987999999999996,0.005700727596367983
914,1.0,200.0,0.50576,0.005203080228640105
915,1.0,200.0,0.49634,0.005774438716651975
916,1.0,200.0,0.51572,0.005619741408257444
917,1.0,100.0,0.49244000000000004,0.006107347532500156
918,0.0,200.0,0.5122,0.006495143865471134
919,1.0,100.0,0.47894000000000003,0.0057339110810285445
920,0.0,200.0,0.51744,0.005182083150238686
921,0.0,100.0,0.49908,0.005204086863702631
922,0.0,100.0,0.46277999999999997,0.005854729313090071
923,1.0,200.0,0.517,0.004736669770001903
924,1.0,200.0,0.5207200000000001,0.0056003724341517815
925,1.0,100.0,0.48760000000000003,0.004845998267250419
926,1.0,100.0,0.49618,0.005805024338856699
927,0.0,100.0,0.48368,0.005912385042671336
928,1.0,100.0,0.48292,0.005138885266062737
929,1.0,100.0,0.4789999999999999,0.00529400949409433
930,0.0,100.0,0.5040600000000001,0.00495674136683327
931,0.0,200.0,0.49126000000000003,0.006196790402107228
932,1.0,200.0,0.49124,0.005618548758183068
933,1.0,200.0,0.49578,0.005843550517682085
934,1.0,200.0,0.51396,0.005431598188753927
935,1.0,200.0,0.49834000000000006,0.005908126614929894
936,1.0,100.0,0.48032,0.005326540327492721
937,0.0,200.0,0.49518000000000006,0.005802709463216358
938,0.0,200.0,0.5099199999999999,0.005432168745336209
939,0.0,100.0,0.50158,0.00421781109738871
940,0.0,200.0,0.53122,0.005364584779937094
941,1.0,100.0,0.48466,0.005955040338817489
942,0.0,200.0,0.48452,0.006083015000234268
943,1.0,200.0,0.51794,0.005416274589562618
944,1.0,200.0,0.48768,0.005604571080527517
945,0.0,200.0,0.5169400000000001,0.004724219569792973
946,0.0,200.0,0.51454,0.004860738526747459
947,1.0,100.0,0.47488,0.005408959427589309
948,1.0,200.0,0.50558,0.005356933432772928
949,1.0,100.0,0.49054000000000003,0.005692594369126567
950,0.0,100.0,0.4958800000000001,0.005776157129943285
951,1.0,200.0,0.5208,0.005752339055980411
952,0.0,100.0,0.47913999999999995,0.005520518681753418
953,0.0,200.0,0.51126,0.005866865132572583
954,1.0,100.0,0.4952599999999999,0.0055512142096927715
955,0.0,200.0,0.50466,0.006380634603271121
956,1.0,200.0,0.50756,0.006011900186601649
957,1.0,200.0,0.50034,0.005613883696444837
958,0.0,100.0,0.47565999999999997,0.005696685849703009
959,1.0,200.0,0.52968,0.0056921267891599115
960,0.0,200.0,0.49218,0.006126739818101606
961,0.0,200.0,0.52082,0.006177375856569969
962,0.0,100.0,0.50158,0.005741133369794085
963,1.0,200.0,0.5052,0.006601408052321289
964,0.0,200.0,0.5286000000000001,0.004557078455155968
965,0.0,200.0,0.51162,0.005428626115336063
966,0.0,100.0,0.5024,0.005644026516070669
967,0.0,200.0,0.51,0.0069213765420864885
968,1.0,100.0,0.46108000000000005,0.006451404916384258
969,0.0,100.0,0.50578,0.006539421354119069
970,0.0,100.0,0.49598,0.005672262401504898
971,0.0,100.0,0.46742,0.006519023490963576
972,1.0,200.0,0.4963,0.006051929000933454
973,0.0,100.0,0.49912,0.005713542982177214
974,0.0,100.0,0.46844,0.005863731487628796
975,0.0,100.0,0.5018400000000001,0.005656271089057194
976,1.0,200.0,0.48179999999999995,0.005915499162682211
977,0.0,200.0,0.49637999999999993,0.005738908948859452
978,1.0,100.0,0.4854800000000001,0.005415659736253938
979,1.0,200.0,0.51414,0.0051986028450940166
980,1.0,100.0,0.48453999999999997,0.00555281763925617
981,0.0,200.0,0.5109,0.005536669030374089
982,1.0,200.0,0.49648000000000003,0.005784012748132431
983,0.0,100.0,0.49056,0.0064206853806867085
984,0.0,200.0,0.52172,0.004868824450017957
985,1.0,100.0,0.49813999999999997,0.005763174365204575
986,0.0,100.0,0.47094,0.005523812415106653
987,1.0,200.0,0.5093000000000001,0.005797997050349045
988,1.0,100.0,0.48048,0.005240624318613897
989,0.0,200.0,0.5306200000000001,0.0059709303329124625
990,1.0,100.0,0.48474000000000006,0.006046276814124385
991,1.0,100.0,0.50648,0.005273127753625798
992,0.0,100.0,0.483,0.005781355235524674
993,1.0,200.0,0.5302,0.0060265020214708975
994,1.0,200.0,0.5154599999999999,0.005889881606957728
995,1.0,100.0,0.45916000000000007,0.006747406864440109
996,0.0,100.0,0.5159800000000001,0.005569873849503609
997,0.0,100.0,0.50482,0.004833103910397272
998,0.0,100.0,0.5031399999999999,0.00484143407342412
999,0.0,200.0,0.5018,0.005780273068861833
1000,0.0,100.0,0.47784000000000004,0.005611536226843859
1001,0.0,200.0,0.49156000000000005,0.006486192932851834
1002,1.0,200.0,0.5055,0.006125161035360939
1003,1.0,200.0,0.50686,0.005434004357235326
1004,0.0,200.0,0.49644000000000005,0.005329056147319545
1005,1.0,100.0,0.48602,0.005648712207400628
1006,0.0,200.0,0.51352,0.0054994373412096936
1007,0.0,100.0,0.49604,0.006269244633096442
1008,1.0,200.0,0.50686,0.00493281533614399
1009,0.0,100.0,0.5061200000000001,0.0057639569720107555
1010,0.0,100.0,0.5082000000000001,0.005399071384334482
1011,1.0,200.0,0.52166,0.005234006470083921
1012,0.0,200.0,0.48335999999999996,0.005497668021259337
1013,0.0,100.0,0.46765999999999996,0.006819483360201363
1014,1.0,100.0,0.48040000000000005,0.005943137023918211
1015,0.0,200.0,0.48182,0.005850328726347704
1016,1.0,200.0,0.5102599999999999,0.006088822807196091
1017,1.0,100.0,0.47714000000000006,0.005736703870177819
1018,0.0,200.0,0.50878,0.005432628909683103
1019,0.0,200.0,0.50968,0.006167509583624893
1020,1.0,100.0,0.48075999999999997,0.005398090247625397
1021,0.0,200.0,0.4746,0.006272841865714513
1022,1.0,100.0,0.5024,0.005018558142820488
1023,0.0,100.0,0.52526,0.00571521177945371
1024,1.0,100.0,0.5001599999999999,0.005532704334140561
1025,1.0,100.0,0.48266,0.006170233038564117
1026,1.0,100.0,0.48518,0.005859994722877938
1027,1.0,200.0,0.48654000000000003,0.006139347155469129
1028,1.0,100.0,0.47935999999999995,0.005443922358261417
1029,1.0,100.0,0.49222,0.006607553099220312
1030,0.0,100.0,0.4984,0.005822420386400016
1031,1.0,200.0,0.4991,0.005945613481877128
1032,1.0,100.0,0.47758,0.00578134448067562
1033,0.0,200.0,0.50716,0.005448946901255478
1034,1.0,100.0,0.5108199999999999,0.006084527242272967
1035,1.0,100.0,0.5278600000000001,0.005426840485763766
1036,0.0,200.0,0.51014,0.005420820519819792
1037,0.0,100.0,0.45808,0.006439547136439512
1038,1.0,100.0,0.5135799999999999,0.0048903303799422496
1039,0.0,200.0,0.49534,0.005479086077988379
1040,0.0,100.0,0.49478,0.005654482095622836
1041,1.0,200.0,0.5139400000000001,0.005193667916900709
1042,0.0,200.0,0.50464,0.005039800922182569
1043,0.0,100.0,0.49424,0.006187562088374286
1044,1.0,100.0,0.4955,0.005600056725691513
1045,0.0,200.0,0.4913,0.0053770714619135905
1046,0.0,100.0,0.47650000000000003,0.00571074633570388
1047,0.0,100.0,0.47372,0.006201278477311242
1048,1.0,200.0,0.50354,0.005055070296402049
1049,1.0,100.0,0.49776,0.005773591092748966
1050,1.0,100.0,0.50852,0.005229704269936511
1051,1.0,100.0,0.5016,0.005419243263696749
1052,0.0,200.0,0.49554,0.005307527823738617
1053,0.0,200.0,0.52012,0.005538339897331777
1054,1.0,100.0,0.48574,0.006049651022461666
1055,0.0,100.0,0.49564,0.0056527593140318685
1056,0.0,100.0,0.49166,0.005452216463761093
1057,1.0,200.0,0.49768,0.00591341451176016
1058,1.0,100.0,0.48258,0.005508011929776386
1059,0.0,200.0,0.5048199999999999,0.005299664439348333
1060,0.0,100.0,0.48106,0.005446928220285388
1061,0.0,200.0,0.5028400000000001,0.005137784588067208
1062,0.0,200.0,0.49840000000000007,0.005801240199770128
1063,0.0,200.0,0.50688,0.005413666354614087
1064,1.0,200.0,0.50756,0.0065905051877551
1065,1.0,200.0,0.5103,0.005644206291272017
1066,1.0,100.0,0.47298,0.005266919115805046
1067,0.0,200.0,0.50664,0.006040916131367919
1068,1.0,100.0,0.5137600000000001,0.00611523899005578
1069,0.0,100.0,0.48406000000000005,0.00484064148251144
1070,0.0,200.0,0.50328,0.0057724917731860085
1071,1.0,100.0,0.49398,0.005462171501918465
1072,0.0,200.0,0.5082,0.0061977163838145225
1073,1.0,100.0,0.49688,0.005440908967475631
1074,0.0,200.0,0.5136800000000001,0.005715102847239581
1075,0.0,100.0,0.5077200000000001,0.006023933938086107
1076,1.0,100.0,0.46242,0.006063677895584122
1077,0.0,200.0,0.5097400000000001,0.005469600239092929
1078,1.0,200.0,0.51386,0.005686594852415922
1079,1.0,100.0,0.5107600000000001,0.0060913897456214994
1080,1.0,100.0,0.5061,0.005369457259987729
1081,0.0,200.0,0.5116,0.004671154354230458
1082,0.0,100.0,0.48292,0.005480678969553951
1083,1.0,200.0,0.49660000000000004,0.006029957316077031
1084,0.0,100.0,0.49624000000000007,0.00579862100722608
1085,1.0,200.0,0.5068400000000001,0.004935124456272267
1086,0.0,100.0,0.50006,0.0057542229653694925
1087,0.0,100.0,0.5052000000000001,0.005728380528374349
1088,1.0,200.0,0.5413600000000001,0.005493136330826555
1089,1.0,100.0,0.4688600000000001,0.006751663665372344
1090,0.0,100.0,0.48150000000000004,0.006159373053987268
1091,0.0,100.0,0.47134,0.005709253050760764
1092,0.0,200.0,0.50972,0.0060077952903218575
1093,0.0,100.0,0.46904,0.005896612436882613
1094,1.0,200.0,0.50926,0.006019046339603595
1095,1.0,100.0,0.466,0.006342358018818568
1096,0.0,200.0,0.49928,0.005286086807788668
1097,0.0,200.0,0.52542,0.00599756494957354
1098,1.0,100.0,0.46643999999999997,0.005016985713423601
1099,1.0,100.0,0.48182,0.005393910817875052
1100,0.0,200.0,0.47051999999999994,0.005510029930912696
1101,1.0,200.0,0.5024599999999999,0.005571500123573278
1102,0.0,100.0,0.48247999999999996,0.00583999144031092
1103,1.0,200.0,0.49013999999999996,0.005690708848890561
1104,0.0,200.0,0.48776,0.005159946071594106
1105,1.0,100.0,0.47458,0.005573484745078362
1106,1.0,100.0,0.4993,0.005698268551495521
1107,0.0,200.0,0.5278799999999999,0.0058517987004166345
1108,1.0,200.0,0.51844,0.0052746595545700384
1109,0.0,200.0,0.5102399999999999,0.005643861510863093
1110,0.0,100.0,0.47196,0.0062507928587089865
1111,0.0,100.0,0.46906,0.0054626479583643195
1112,1.0,200.0,0.5130800000000001,0.00493190731381378
1113,1.0,100.0,0.49178000000000005,0.005250781615514277
1114,0.0,200.0,0.47702,0.006342831318849798
1115,1.0,100.0,0.49363999999999997,0.005226617736763635
1116,1.0,100.0,0.48735999999999996,0.00556945413506992
1117,0.0,200.0,0.50148,0.00538822884709721
1118,0.0,100.0,0.49248000000000003,0.005780323627233569
1119,0.0,100.0,0.4782,0.005845055671199714
1120,1.0,200.0,0.50914,0.00573047742385249
1121,0.0,200.0,0.4906,0.0054491727410591025
1122,0.0,200.0,0.5009,0.005866369177797839
1123,1.0,200.0,0.5341,0.0045001411429939145
1124,0.0,100.0,0.48728,0.005896559012148554
1125,0.0,200.0,0.51892,0.005536445654023059
1126,0.0,100.0,0.49368,0.00562421283707302
1127,1.0,200.0,0.49948,0.005644310324440506
1128,1.0,200.0,0.49926000000000004,0.005892055832360247
1129,1.0,200.0,0.50524,0.006155024900725917
1130,1.0,200.0,0.52264,0.005670398919453558
1131,1.0,200.0,0.49184,0.005001744266476002
1132,1.0,200.0,0.4909,0.005722116149669757
1133,1.0,100.0,0.45581999999999995,0.006046321120687688
1134,0.0,100.0,0.48456,0.0053164225877256
1135,1.0,100.0,0.488,0.00589049203601313
1136,1.0,100.0,0.4782,0.005121274809338849
1137,0.0,200.0,0.49928,0.005450488551522378
1138,0.0,200.0,0.49426,0.006283619559923228
1139,0.0,100.0,0.49138000000000004,0.005611549462131585
1140,0.0,100.0,0.5072599999999999,0.0055253809847679355
1141,1.0,200.0,0.49277999999999994,0.005922680575738507
1142,1.0,200.0,0.5073200000000001,0.006493509179440461
1143,1.0,200.0,0.49276,0.005304550113640734
1144,1.0,200.0,0.4973000000000001,0.006025236148527021
1145,1.0,100.0,0.47831999999999997,0.005839735053586569
1146,0.0,200.0,0.49362000000000006,0.005275882469764802
1147,1.0,100.0,0.5047400000000001,0.00587827182396467
1148,0.0,200.0,0.4936,0.006107116457458402
1149,0.0,200.0,0.48224,0.005266038453064897
1150,0.0,200.0,0.51458,0.005484406490970546
1151,0.0,100.0,0.4907,0.005854901365824841
1152,1.0,200.0,0.50308,0.005128992853326811
1153,1.0,200.0,0.49101999999999996,0.006379386595402199
1154,1.0,100.0,0.5105000000000001,0.005091886186194044
1155,0.0,200.0,0.48812,0.005712485685782663
1156,1.0,100.0,0.51144,0.004975290116606334
1157,1.0,200.0,0.50972,0.006007399590117768
1158,0.0,100.0,0.51888,0.005200416666003515
1159,0.0,200.0,0.49532,0.006470927479972908
1160,0.0,100.0,0.50306,0.006111959946431225
1161,0.0,100.0,0.5012000000000001,0.005917327584808145
1162,1.0,100.0,0.4579,0.005541747868386409
1163,1.0,200.0,0.49067999999999995,0.005065433082611444
1164,1.0,100.0,0.48386000000000007,0.00616794530115349
1165,0.0,100.0,0.49746000000000007,0.005180431563161771
1166,1.0,100.0,0.46699999999999997,0.0061597706257232555
1167,1.0,100.0,0.5111,0.005555284413268688
1168,0.0,200.0,0.48856,0.006209497044078203
1169,0.0,200.0,0.50512,0.005441522706983439
1170,1.0,100.0,0.4992,0.005916563577333748
1171,1.0,200.0,0.50114,0.0059346033674112075
1172,0.0,100.0,0.47218,0.006367338521410912
1173,1.0,200.0,0.49757999999999997,0.006153441124072922
1174,1.0,200.0,0.49660000000000004,0.005983984992675265
1175,0.0,100.0,0.50286,0.006184225772409643
1176,1.0,200.0,0.49454000000000004,0.005480234595389312
1177,1.0,100.0,0.49248000000000003,0.005478448190494261
1178,0.0,200.0,0.49182,0.005845337278124923
1179,1.0,100.0,0.47400000000000003,0.005510196519305545
1180,0.0,200.0,0.50568,0.005031201746309099
1181,1.0,100.0,0.48902,0.005904464283342529
1182,1.0,100.0,0.46685999999999994,0.005591556733198455
1183,1.0,200.0,0.51462,0.006008538101134322
1184,1.0,200.0,0.48236,0.006047020149507154
1185,0.0,100.0,0.47824,0.005724935744159163
1186,0.0,100.0,0.48911999999999994,0.0055392810865522195
1187,0.0,100.0,0.52346,0.0053549361626731165
1188,0.0,100.0,0.5219,0.005267036239687431
1189,1.0,100.0,0.48979999999999996,0.0061297144977252764
1190,0.0,200.0,0.50478,0.0060520866177115554
1191,1.0,100.0,0.47379999999999994,0.004972384111252232
1192,0.0,200.0,0.5052000000000001,0.0057387502599107725
1193,1.0,100.0,0.49268,0.005954530905824129
1194,0.0,100.0,0.49596,0.006177570934210992
1195,0.0,200.0,0.52164,0.004682495391957164
1196,1.0,200.0,0.4786,0.005882934240285171
1197,0.0,200.0,0.50132,0.0050502037560205566
1198,0.0,200.0,0.51536,0.00544003011205191
1199,1.0,100.0,0.48532000000000003,0.0053336977571359105
1200,0.0,200.0,0.53454,0.0050730190781415035
1201,1.0,200.0,0.5105999999999999,0.00529809777327689
1202,1.0,100.0,0.4592600000000001,0.005407828357198146
1203,1.0,200.0,0.50414,0.005915371201659531
1204,1.0,100.0,0.50058,0.005335908661409189
1205,1.0,100.0,0.49154,0.00577721801271603
1206,1.0,200.0,0.5071999999999999,0.00608929261677858
1207,0.0,200.0,0.51642,0.006090836971571045
1208,0.0,200.0,0.4909800000000001,0.005226291880603417
1209,1.0,100.0,0.4723,0.0064047548071482635
1210,1.0,200.0,0.4873799999999999,0.005636268979877433
1211,0.0,200.0,0.51376,0.005751194142983679
1212,0.0,100.0,0.49204,0.006144121615778356
1213,1.0,200.0,0.51484,0.00514015446188327
1214,1.0,200.0,0.49848,0.005730740949609426
1215,0.0,200.0,0.51336,0.005718320616139196
1216,1.0,100.0,0.49820000000000003,0.0051261263326382225
1217,1.0,100.0,0.48878000000000005,0.0057719822746554045
1218,0.0,200.0,0.50922,0.005465643593134075
1219,0.0,100.0,0.51592,0.005376746615877166
1220,1.0,100.0,0.4848,0.005895614502288488
1221,0.0,200.0,0.51444,0.005829618490231362
1222,1.0,100.0,0.51678,0.005204049270775189
1223,0.0,200.0,0.52988,0.005219163810687375
1224,1.0,100.0,0.49924,0.004984646697861408
1225,0.0,200.0,0.4948,0.005386349712972174
1226,1.0,100.0,0.45703999999999995,0.006755143707422162
1227,0.0,200.0,0.49617999999999995,0.00540864695708358
1228,0.0,200.0,0.5001,0.005317610582013859
1229,1.0,100.0,0.45792,0.006076253010228042
1230,1.0,200.0,0.49829999999999997,0.005595844101543908
1231,0.0,200.0,0.5160600000000001,0.006037862440312246
1232,1.0,200.0,0.4932,0.006101717613427186
1233,1.0,200.0,0.50632,0.005725503785625074
1234,1.0,200.0,0.51094,0.005503132485741221
1235,1.0,100.0,0.5202600000000001,0.005721007270087413
1236,0.0,200.0,0.52054,0.006158819567213228
1237,0.0,200.0,0.49417999999999995,0.0061821448320836525
1238,1.0,100.0,0.46807999999999994,0.005588022092361072
1239,0.0,200.0,0.53034,0.005892247094105704
1240,0.0,200.0,0.5060800000000001,0.0054297848158152235
1241,0.0,100.0,0.5099199999999999,0.005552980689552375
1242,0.0,100.0,0.49955999999999995,0.00555470950895953
1243,1.0,200.0,0.52806,0.005120299716555943
1244,0.0,200.0,0.51272,0.006137449878410803
1245,1.0,100.0,0.50302,0.005856133795662759
1246,1.0,100.0,0.4974,0.006669959350188171
1247,1.0,100.0,0.50072,0.00520034240248817
1248,0.0,100.0,0.47536000000000006,0.00587676570823889
1249,0.0,100.0,0.48260000000000003,0.006177172449241865
1250,1.0,200.0,0.48979999999999996,0.005056137644886485
1251,0.0,100.0,0.48251999999999995,0.005864932834699963
1252,1.0,200.0,0.49640000000000006,0.006294462423053375
1253,0.0,100.0,0.5186599999999999,0.005248394316398008
1254,1.0,200.0,0.49326,0.005931914059844253
1255,0.0,100.0,0.48713999999999996,0.005849224235269959
1256,1.0,200.0,0.50234,0.005406839613926142
1257,0.0,200.0,0.48744000000000004,0.00610379266530895
1258,1.0,200.0,0.5189600000000001,0.004939586880898526
1259,0.0,100.0,0.49598,0.005652553396252992
1260,0.0,200.0,0.5063000000000001,0.006730962167066581
1261,1.0,100.0,0.4984,0.004656229227127847
1262,1.0,100.0,0.49695999999999996,0.005928654792975277
1263,1.0,100.0,0.46282000000000006,0.0055784116899335314
1264,0.0,200.0,0.4843,0.006004851042976654
1265,1.0,100.0,0.51364,0.006559865552725361
1266,0.0,200.0,0.49656,0.006031548710218401
1267,0.0,100.0,0.4732200000000001,0.006960227524740961
1268,1.0,100.0,0.49416000000000004,0.00560863541382452
1269,0.0,100.0,0.48488,0.006061337914724184
1270,0.0,200.0,0.50114,0.006211823220551737
1271,1.0,100.0,0.48308000000000006,0.005138540437127853
1272,0.0,200.0,0.5163800000000001,0.0062109834123030136
1273,0.0,100.0,0.49284,0.004726868206376363
1274,1.0,200.0,0.5059199999999999,0.005708446714635796
1275,0.0,100.0,0.50986,0.005570759930122466
1276,0.0,100.0,0.47431999999999996,0.006372102520182129
1277,1.0,200.0,0.5467000000000001,0.004688013479109283
1278,1.0,100.0,0.4980399999999999,0.005150136984485872
1279,0.0,200.0,0.5184,0.0052369289508143015
1280,1.0,100.0,0.46602000000000005,0.005315230960567039
1281,0.0,100.0,0.45724,0.005788455630180034
1282,0.0,100.0,0.47592,0.0063674264290019735
1283,1.0,200.0,0.50936,0.006033431256972752
1284,0.0,200.0,0.4955,0.005885374074937623
1285,0.0,200.0,0.4978000000000001,0.005422044226583779
1286,1.0,100.0,0.47186000000000006,0.005527258167333236
1287,1.0,100.0,0.5052000000000001,0.004692121505968615
1288,0.0,100.0,0.5102800000000001,0.0057770761431517135
1289,1.0,100.0,0.4993,0.005587077273472402
1290,0.0,100.0,0.49212,0.006213208092208325
1291,1.0,200.0,0.5202000000000001,0.005450488677884676
1292,0.0,100.0,0.4952599999999999,0.005926544947819196
1293,1.0,100.0,0.48966000000000004,0.005204342078924988
1294,1.0,100.0,0.49188,0.005673263724913805
1295,1.0,100.0,0.5175,0.005123361193567642
1296,0.0,200.0,0.5139,0.005767365757127248
1297,0.0,100.0,0.48662,0.00632709393192909
1298,1.0,200.0,0.5242600000000001,0.005508459355261506
1299,1.0,100.0,0.51498,0.00581979261962664
1300,0.0,200.0,0.5129,0.005328447607733804
1301,1.0,200.0,0.5038,0.00569288471826907
1302,1.0,200.0,0.51192,0.005323426276757265
1303,1.0,200.0,0.5117,0.005762775569339236
1304,0.0,200.0,0.5074,0.0064624121310947885
1305,0.0,100.0,0.45286,0.005780483377278535
1306,1.0,200.0,0.51078,0.006278619249542454
1307,0.0,200.0,0.5017400000000001,0.005610067502631196
1308,1.0,100.0,0.4914199999999999,0.00528255366611978
1309,0.0,100.0,0.49572000000000005,0.005175335686614545
1310,1.0,100.0,0.49871999999999994,0.004955623813428634
1311,0.0,200.0,0.495,0.005422935685631508
1312,0.0,100.0,0.47424,0.00557172007544803
1313,1.0,100.0,0.46606,0.006208648858353218
1314,0.0,200.0,0.48208,0.006542641824676736
1315,1.0,100.0,0.49207999999999996,0.005761379167685128
1316,0.0,200.0,0.53098,0.0062528545058634245
1317,0.0,100.0,0.50614,0.005183439920730691
1318,1.0,100.0,0.4838,0.005379973849287699
1319,0.0,100.0,0.48304,0.0061933633129543616
1320,1.0,200.0,0.50862,0.005237134430115689
1321,1.0,100.0,0.4833,0.005883778891998953
1322,1.0,100.0,0.46769999999999995,0.00569164116467924
1323,0.0,200.0,0.48679999999999995,0.006370451456434481
1324,1.0,200.0,0.5184,0.005013876742896513
1325,0.0,100.0,0.49958,0.005012267436272654
1326,1.0,200.0,0.5169599999999999,0.00618446857195482
1327,1.0,200.0,0.49784000000000006,0.00653991031741747
1328,1.0,100.0,0.48364,0.0055820874597163304
1329,0.0,100.0,0.51224,0.006207130222288915
1330,1.0,200.0,0.49483999999999995,0.0053142743358288325
1331,0.0,100.0,0.49815999999999994,0.006131240282033681
1332,0.0,100.0,0.48461999999999994,0.005634040925042284
1333,0.0,100.0,0.48608,0.005265187777367795
1334,1.0,200.0,0.5192599999999999,0.005560681004980381
1335,1.0,100.0,0.5172,0.006014418963244813
1336,0.0,200.0,0.5078,0.005310912685510604
1337,1.0,100.0,0.46442000000000005,0.006002519408134329
1338,0.0,200.0,0.5159,0.00570860874200962
1339,0.0,100.0,0.5076799999999999,0.004881490743520685
1340,1.0,100.0,0.46726,0.006081543964635674
1341,0.0,200.0,0.5125,0.0055831883263656856
1342,1.0,100.0,0.46706000000000003,0.0059071491984729625
1343,0.0,200.0,0.50542,0.00525394409528508
1344,0.0,200.0,0.49922000000000005,0.006090067945684398
1345,1.0,200.0,0.51188,0.005531807806121754
1346,1.0,100.0,0.46196000000000004,0.005717023767682854
1347,1.0,100.0,0.47226,0.005528818838331148
1348,0.0,200.0,0.51368,0.005746256511846402
1349,0.0,100.0,0.47691999999999996,0.00575058996826641
1350,1.0,100.0,0.49134,0.005603416885569286
1351,1.0,200.0,0.5108,0.005130214748742697
1352,1.0,200.0,0.51812,0.00563076655226394
1353,1.0,200.0,0.51942,0.006144894526958065
1354,0.0,100.0,0.5201600000000001,0.006115840057969977
1355,0.0,200.0,0.49832,0.005638622038650058
1356,1.0,200.0,0.5210000000000001,0.00674091519953756
1357,1.0,100.0,0.50404,0.004963211176546066
1358,0.0,200.0,0.4809,0.0053746917359747196
1359,0.0,100.0,0.48406000000000005,0.005475570803453871
1360,1.0,200.0,0.51418,0.0056447880141095984
1361,1.0,100.0,0.49344,0.006130585646582407
1362,0.0,200.0,0.50718,0.005966083289161803
1363,1.0,100.0,0.5092399999999999,0.00518503480625231
1364,1.0,200.0,0.5138199999999999,0.005719972271429413
1365,1.0,100.0,0.49720000000000003,0.005879361650809189
1366,0.0,100.0,0.44536,0.00659233230917419
1367,1.0,200.0,0.51174,0.005553514202295722
1368,1.0,200.0,0.5107200000000001,0.005350813415330775
1369,0.0,100.0,0.47606000000000004,0.005896003560188247
1370,1.0,200.0,0.49792,0.006615848372144767
1371,1.0,100.0,0.52118,0.005440355298089487
1372,0.0,200.0,0.49526000000000003,0.0059380412331576865
1373,1.0,100.0,0.50754,0.006323642774339352
1374,0.0,200.0,0.49082,0.00599724069915246
1375,1.0,100.0,0.47725999999999996,0.005793667638594523
1376,0.0,100.0,0.4861,0.005510863189023755
1377,1.0,200.0,0.51166,0.005974478781078695
1378,0.0,100.0,0.4763400000000001,0.006393620516159912
1379,1.0,200.0,0.53094,0.005315680039096423
1380,0.0,100.0,0.5282600000000001,0.0064827215750676865
1381,1.0,200.0,0.5002,0.005396853069961786
1382,0.0,100.0,0.4589600000000001,0.00594252783860423
1383,1.0,200.0,0.5017800000000001,0.0057901264160452005
1384,1.0,100.0,0.48674,0.00564512059504648
1385,0.0,200.0,0.4957000000000001,0.005457057732974235
1386,0.0,100.0,0.45962,0.006261366780406345
1387,1.0,200.0,0.52828,0.006212803604078288
1388,1.0,100.0,0.47446,0.006303397898746987
1389,0.0,100.0,0.46682000000000007,0.005425624174531182
1390,1.0,100.0,0.46163999999999994,0.005820594789634623
1391,1.0,200.0,0.52258,0.0052255609392198865
1392,1.0,200.0,0.51846,0.006816324857051005
1393,1.0,200.0,0.5219400000000001,0.006348760501454766
1394,1.0,100.0,0.51486,0.0055255978632367765
1395,1.0,200.0,0.5110600000000001,0.005981188939185485
1396,1.0,100.0,0.48965999999999993,0.006119653494706058
1397,1.0,100.0,0.49556000000000006,0.004964848417431895
1398,0.0,200.0,0.50976,0.005548062290043102
1399,0.0,100.0,0.48946000000000006,0.005811497154599925
1400,0.0,100.0,0.5043,0.005338302310498536
1401,0.0,100.0,0.48956,0.005145449976775841
1402,1.0,100.0,0.4821,0.006425421434769004
1403,1.0,100.0,0.48633999999999994,0.005479524092638378
1404,1.0,200.0,0.49082,0.0054144651048104305
1405,1.0,200.0,0.49478,0.0055135594424536565
1406,1.0,100.0,0.4923399999999999,0.005365892511085548
1407,0.0,200.0,0.4809,0.0052932259251011965
1408,1.0,100.0,0.49558,0.006153817857906784
1409,1.0,200.0,0.51204,0.005325143796146191
1410,1.0,100.0,0.48776,0.006658878201731562
1411,0.0,200.0,0.5212800000000001,0.004918353940012336
1412,0.0,100.0,0.49328000000000005,0.0064405837861421
1413,1.0,100.0,0.50108,0.004846621240484307
1414,0.0,200.0,0.5039199999999999,0.005970378343682752
1415,0.0,100.0,0.50496,0.005748485445781181
1416,1.0,200.0,0.5055400000000001,0.005710011075773718
1417,0.0,200.0,0.52072,0.005350621486517368
1418,0.0,100.0,0.5015799999999999,0.005549948429731029
1419,1.0,100.0,0.49882,0.005571645625483197
1420,1.0,200.0,0.5200199999999999,0.005312895824474364
1421,0.0,100.0,0.5067999999999999,0.005611675280877621
1422,0.0,100.0,0.48018,0.005919559512432547
1423,1.0,200.0,0.5182200000000001,0.005448975218900159
1424,0.0,100.0,0.50552,0.005128270403799199
1425,1.0,100.0,0.48202,0.005722214005756972
1426,1.0,100.0,0.48461999999999994,0.0058635455153147244
1427,0.0,100.0,0.50632,0.0057208644294320325
1428,0.0,100.0,0.49467999999999995,0.005641017927996238
1429,0.0,200.0,0.5413,0.004854573504991593
1430,1.0,200.0,0.51338,0.005361732729183224
1431,0.0,100.0,0.50336,0.00611546715789395
1432,1.0,200.0,0.49774,0.005832445622224455
1433,0.0,200.0,0.51906,0.005270060833637447
1434,1.0,200.0,0.50648,0.00573085897774863
1435,0.0,100.0,0.49063999999999997,0.005362721654284812
1436,1.0,200.0,0.49604,0.0067024540788157465
1437,1.0,200.0,0.51176,0.005934485578972981
1438,1.0,100.0,0.46265999999999996,0.006368357470220455
1439,0.0,100.0,0.49338,0.005742469159229798
1440,1.0,200.0,0.53168,0.0063109859377758325
1441,1.0,200.0,0.5153199999999999,0.0056840934937148115
1442,1.0,100.0,0.46529999999999994,0.005791090365785558
1443,0.0,200.0,0.4932600000000001,0.004808670317794539
1444,0.0,100.0,0.43567999999999996,0.006481967273271437
1445,0.0,200.0,0.5044,0.006627572908248283
1446,1.0,100.0,0.4875,0.006279883701262291
1447,0.0,200.0,0.4917999999999999,0.005688335275043838
1448,0.0,100.0,0.5014000000000001,0.006314236845996887
1449,1.0,200.0,0.5159800000000001,0.0051240119847297625
1450,1.0,200.0,0.52118,0.004695030616831269
1451,1.0,100.0,0.50732,0.005099504668259131
1452,1.0,100.0,0.5083,0.004609190709792354
1453,0.0,200.0,0.48704000000000003,0.005457541655853767
1454,1.0,100.0,0.51944,0.0062202740645399875
1455,0.0,200.0,0.51378,0.005444241455898129
1456,0.0,100.0,0.4898999999999999,0.00591273512714529
1457,0.0,100.0,0.49578000000000005,0.00625069863062201
1458,0.0,100.0,0.4857600000000001,0.005906039660721451
1459,0.0,100.0,0.4865399999999999,0.006608802241570064
1460,0.0,200.0,0.50374,0.00585693384940795
1461,0.0,200.0,0.50786,0.005306145183032298
1462,0.0,100.0,0.4753200000000001,0.005309322906400092
1463,1.0,200.0,0.49816000000000005,0.00594299505067229
1464,0.0,100.0,0.5076,0.0046356959988585215
1465,1.0,200.0,0.50244,0.00544993420166206
1466,1.0,200.0,0.49796000000000007,0.005953119717699807
1467,1.0,100.0,0.5325200000000001,0.005019771358141314
1468,1.0,100.0,0.49114,0.0053971218042815254
1469,0.0,100.0,0.50078,0.005650661303676438
1470,1.0,200.0,0.51134,0.005009448976793927
1471,1.0,100.0,0.46306,0.004926754231624447
1472,0.0,200.0,0.49568,0.0061782726914553655
1473,0.0,100.0,0.47144,0.005923148836029258
1474,1.0,100.0,0.48487999999999987,0.006058538321160128
1475,0.0,200.0,0.49988,0.0056778078594278865
1476,1.0,200.0,0.5036,0.00487139174770838
1477,0.0,200.0,0.48802,0.0057458536000991964
1478,0.0,200.0,0.49556000000000006,0.0057772788030664695
1479,1.0,200.0,0.52202,0.005520247386932427
1480,1.0,200.0,0.5081399999999999,0.005704580029768332
1481,0.0,200.0,0.50272,0.005789317792726322
1482,0.0,100.0,0.49878,0.0057889557240475165
1483,1.0,200.0,0.47244,0.005619254619845047
1484,0.0,100.0,0.49817999999999996,0.0061245667485123724
1485,0.0,200.0,0.5183000000000001,0.005798552926966637
1486,1.0,200.0,0.49639999999999995,0.005555128130573508
1487,1.0,100.0,0.48604,0.006461826067520498
1488,1.0,100.0,0.49022000000000004,0.0066055908212466945
1489,0.0,200.0,0.50062,0.005846547231174936
1490,1.0,200.0,0.49470000000000003,0.0057227406194208155
1491,0.0,200.0,0.51136,0.005731086847099482
1492,1.0,200.0,0.5038400000000001,0.006341532296043176
1493,0.0,200.0,0.5092,0.005388153976424318
1494,1.0,100.0,0.47400000000000003,0.005655302895262011
1495,1.0,100.0,0.47076,0.005150061231478355
1496,0.0,200.0,0.5238,0.0050263392961294754
1497,1.0,100.0,0.49234,0.00538502009795594
1498,0.0,200.0,0.5120600000000001,0.005396258970182291
1499,1.0,200.0,0.51418,0.005987551069176181
1500,0.0,200.0,0.5011599999999999,0.005230196669246687
1501,1.0,100.0,0.46290000000000003,0.0061036017043941656
1502,0.0,200.0,0.49241999999999997,0.006355398277225657
1503,1.0,200.0,0.5073000000000001,0.005312977694662399
1504,1.0,100.0,0.47800000000000004,0.005983073013444759
1505,0.0,200.0,0.49846,0.005138573961270978
1506,1.0,100.0,0.46268000000000004,0.0059532521535287704
1507,0.0,200.0,0.49350000000000005,0.0055626694308687635
1508,1.0,200.0,0.49436,0.0057166603134100715
1509,1.0,100.0,0.4733600000000001,0.005557839007601606
1510,0.0,200.0,0.5047200000000001,0.0057491053029924254
1511,1.0,200.0,0.5071800000000001,0.005531407229861933
1512,1.0,100.0,0.49715999999999994,0.005412934308059471
1513,0.0,100.0,0.46340000000000003,0.005981821536817244
1514,1.0,200.0,0.50444,0.005547982144695736
1515,0.0,200.0,0.50258,0.0054814240508867865
1516,1.0,100.0,0.49402,0.005542430966433167
1517,0.0,100.0,0.5059,0.00554995953180583
1518,1.0,200.0,0.49514,0.004989249341302111
1519,1.0,100.0,0.5096,0.005640127847471789
1520,0.0,200.0,0.5112,0.005463947242317986
1521,0.0,100.0,0.46832,0.005752480254414766
1522,1.0,100.0,0.48389999999999994,0.0057436642839566576
1523,0.0,200.0,0.50302,0.006260200590544804
1524,0.0,100.0,0.47463999999999995,0.0059838865315167585
1525,0.0,100.0,0.47142,0.0058284595031639535
1526,0.0,200.0,0.5010600000000001,0.00586964214464571
1527,1.0,200.0,0.5142800000000001,0.005423464558906016
1528,0.0,200.0,0.5043599999999999,0.006206447180507333
1529,1.0,100.0,0.49504000000000004,0.005570979268089177
1530,1.0,100.0,0.49241999999999997,0.0060228120357638205
1531,0.0,100.0,0.48266,0.005899716141957645
1532,0.0,100.0,0.48514,0.0055723256889190125
1533,1.0,200.0,0.5142,0.005369704298200988
1534,0.0,100.0,0.48692,0.005798566528221847
1535,1.0,100.0,0.5113200000000001,0.005779932191747583
1536,0.0,100.0,0.51738,0.004976666279656287
1537,0.0,200.0,0.50378,0.006157994039719189
1538,1.0,100.0,0.5005200000000001,0.005751424765621786
1539,1.0,100.0,0.5039800000000001,0.005380679761451441
1540,1.0,200.0,0.50702,0.004722849908807566
1541,1.0,100.0,0.46692,0.005849805874293804
1542,0.0,200.0,0.50978,0.0060626966018866415
1543,1.0,100.0,0.48197999999999996,0.006181940567662175
1544,1.0,200.0,0.47951999999999995,0.00534609392674929
1545,1.0,100.0,0.5109999999999999,0.00555201499353584
1546,0.0,200.0,0.51556,0.00577643447276751
1547,1.0,100.0,0.5045400000000001,0.005366714068357799
1548,0.0,200.0,0.5215400000000001,0.005779282380199134
1549,0.0,200.0,0.50692,0.005019338898571516
1550,0.0,200.0,0.5257000000000001,0.005754959590137405
1551,1.0,100.0,0.5088600000000001,0.006228149044521547
1552,0.0,100.0,0.46231999999999995,0.005479069312248809
1553,0.0,200.0,0.49856,0.005123467847724441
1554,1.0,100.0,0.49378,0.0062533378871162965
1555,1.0,200.0,0.5174000000000001,0.0055376789509553135
1556,1.0,100.0,0.5250999999999999,0.006008965760815248
1557,1.0,100.0,0.49727999999999994,0.006021331480682172
1558,1.0,200.0,0.4946,0.0056109047941837326
1559,0.0,100.0,0.48186,0.005539601393163533
1560,1.0,100.0,0.47592,0.006750952203337409
1561,0.0,100.0,0.47408,0.006168602742992456
1562,1.0,200.0,0.5118599999999999,0.005353667567369792
1563,0.0,100.0,0.48192,0.0057180964837744595
1564,1.0,200.0,0.46582,0.006281155740606409
1565,1.0,200.0,0.4986999999999999,0.005653096752427522
1566,1.0,200.0,0.50576,0.005484675070229765
1567,0.0,200.0,0.50718,0.00502107456487743
1568,0.0,100.0,0.4692,0.005081223068661254
1569,0.0,100.0,0.4575,0.005321564074913341
1570,0.0,200.0,0.50846,0.005083173589266745
1571,0.0,200.0,0.50678,0.005594913846170604
1572,0.0,200.0,0.48002,0.005452625877766045
1573,1.0,100.0,0.4981,0.005321701850175549
1574,0.0,200.0,0.5032,0.006299575822796254
1575,1.0,100.0,0.50766,0.005944290226184495
1576,0.0,200.0,0.51306,0.006115325621633525
1577,1.0,100.0,0.48338000000000003,0.005470418908988939
1578,0.0,200.0,0.50062,0.006006172135945243
1579,1.0,200.0,0.48628,0.005703591326461298
1580,0.0,100.0,0.49117999999999995,0.0053311187029373725
1581,1.0,200.0,0.52022,0.00574176172512286
1582,1.0,100.0,0.48522,0.0051218379218241775
1583,0.0,200.0,0.51364,0.004550855622346301
1584,1.0,200.0,0.49590000000000006,0.005406213907763585
1585,1.0,100.0,0.49060000000000004,0.00536298063339046
1586,0.0,200.0,0.4946999999999999,0.005305992513842685
1587,0.0,200.0,0.49845999999999996,0.0058952158831142906
1588,1.0,200.0,0.50166,0.00579725140933783
1589,1.0,200.0,0.5080199999999999,0.006148102456178877
1590,1.0,100.0,0.49426000000000003,0.005873565121558947
1591,0.0,200.0,0.48272000000000004,0.005452010786495291
1592,0.0,100.0,0.51242,0.005266217844365716
1593,1.0,200.0,0.50624,0.006541458830629228
1594,1.0,100.0,0.5219799999999999,0.005160569197368687
1595,0.0,200.0,0.48474000000000006,0.005536614352500126
1596,1.0,200.0,0.5299799999999999,0.006079588163812548
1597,0.0,100.0,0.48233999999999994,0.00534008621552163
1598,1.0,100.0,0.49494000000000005,0.005946424592489591
1599,0.0,200.0,0.50578,0.005564828758082796
1600,0.0,200.0,0.5243,0.004621343240373694
1601,0.0,200.0,0.49676,0.006739973391655565
1602,0.0,200.0,0.51156,0.005751455597285359
1603,0.0,100.0,0.49696000000000007,0.005442770532092597
1604,1.0,200.0,0.4972,0.00623269373814251
1605,0.0,100.0,0.47784000000000004,0.006404643451280072
1606,0.0,200.0,0.49868000000000007,0.005888545763108144
1607,1.0,100.0,0.46538,0.006128237799695173
1608,0.0,200.0,0.52712,0.005314392857147647
